{
"document" : {
"pageListHeight" : -1,
"pageListCollapsed" : 1
},
"259BF05E-C767-4FA1-AD04-3F35D965D50C" : {
"scrollOrigin" : "{-692, -192}",
"zoomValue" : 1.176309399623962
},
"617CE16B-599C-49EE-8C5F-DC4CE962F582" : {
"scrollOrigin" : "{-814.33617756089211, 75.022233714639356}",
"zoomValue" : 1.176309399623962
}
}